{"v":"5.5.7","meta":{"g":"LottieFiles AE 0.1.20","a":"","k":"","d":"","tc":"none"},"fr":24,"ip":0,"op":120,"w":1080,"h":796,"nm":"4 Cards","ddd":1,"assets":[],"layers":[{"ddd":1,"ind":1,"ty":4,"nm":"carte pique 2","sr":1,"ks":{"o":{"a":0,"k":100,"ix":11},"rx":{"a":0,"k":0,"ix":8},"ry":{"a":0,"k":0,"ix":9},"rz":{"a":1,"k":[{"i":{"x":[0],"y":[1]},"o":{"x":[1],"y":[0]},"t":9,"s":[20]},{"i":{"x":[0.667],"y":[1]},"o":{"x":[1],"y":[0]},"t":29,"s":[0]},{"i":{"x":[0.55],"y":[1]},"o":{"x":[1],"y":[0]},"t":50,"s":[0]},{"t":56,"s":[15]}],"ix":10},"or":{"a":0,"k":[0,0,0],"ix":7},"p":{"a":1,"k":[{"i":{"x":0,"y":1},"o":{"x":1,"y":0},"t":9,"s":[539.911,572.289,0],"to":[0,0,0],"ti":[0,0,0]},{"i":{"x":0,"y":0},"o":{"x":1,"y":1},"t":29,"s":[919.707,256.289,0],"to":[0,0,0],"ti":[0,0,0]},{"i":{"x":0,"y":1},"o":{"x":1,"y":0},"t":36,"s":[919.707,256.289,0],"to":[0,0,0],"ti":[0,0,0]},{"t":46,"s":[540,256.289,0]}],"ix":2},"a":{"a":0,"k":[-337.293,-21.711,0],"ix":1},"s":{"a":0,"k":[100,100,100],"ix":6}},"ao":0,"hasMask":true,"masksProperties":[{"inv":false,"mode":"a","pt":{"a":1,"k":[{"i":{"x":0,"y":1},"o":{"x":0.167,"y":0},"t":13,"s":[{"i":[[0,-20.435],[0,0],[20.435,0],[0,0],[0,20.435],[0,0],[-20.435,0],[0,0]],"o":[[0,0],[0,20.435],[0,0],[-20.435,0],[0,0],[0,-20.435],[0,0],[20.435,0]],"v":[[-222.163,103.062],[-222.086,104.078],[-259.086,141.078],[-414.5,141.078],[-451.5,104.078],[-451.577,103.062],[-414.577,66.062],[-259.163,66.062]],"c":true}]},{"t":23,"s":[{"i":[[0,-20.435],[0,0],[20.435,0],[0,0],[0,20.435],[0,0],[-20.435,0],[0,0]],"o":[[0,0],[0,20.435],[0,0],[-20.435,0],[0,0],[0,-20.435],[0,0],[20.435,0]],"v":[[-222.086,-146.5],[-222.086,104.078],[-259.086,141.078],[-414.5,141.078],[-451.5,104.078],[-451.5,-146.5],[-414.5,-183.5],[-259.086,-183.5]],"c":true}]}],"ix":1},"o":{"a":0,"k":100,"ix":3},"x":{"a":0,"k":0,"ix":4},"nm":"Mask 1"}],"shapes":[{"ty":"gr","it":[{"ty":"gr","it":[{"ty":"gr","it":[{"ty":"gr","it":[{"d":1,"ty":"el","s":{"a":0,"k":[119.703,119.703],"ix":2},"p":{"a":0,"k":[0,0],"ix":3},"nm":"Ellipse Path 1","mn":"ADBE Vector Shape - Ellipse","hd":false},{"ty":"fl","c":{"a":0,"k":[0,0,0,1],"ix":4},"o":{"a":0,"k":100,"ix":5},"r":1,"bm":0,"nm":"Fill 1","mn":"ADBE Vector Graphic - Fill","hd":false},{"ty":"tr","p":{"a":0,"k":[24,-66],"ix":2},"a":{"a":0,"k":[0,0],"ix":1},"s":{"a":0,"k":[100,100],"ix":3},"r":{"a":0,"k":0,"ix":6},"o":{"a":0,"k":100,"ix":7},"sk":{"a":0,"k":0,"ix":4},"sa":{"a":0,"k":0,"ix":5},"nm":"Transform"}],"nm":"Ellipse 2","np":3,"cix":2,"bm":0,"ix":1,"mn":"ADBE Vector Group","hd":false},{"ty":"gr","it":[{"d":1,"ty":"el","s":{"a":0,"k":[119.703,119.703],"ix":2},"p":{"a":0,"k":[0,0],"ix":3},"nm":"Ellipse Path 1","mn":"ADBE Vector Shape - Ellipse","hd":false},{"ty":"fl","c":{"a":0,"k":[0,0,0,1],"ix":4},"o":{"a":0,"k":100,"ix":5},"r":1,"bm":0,"nm":"Fill 1","mn":"ADBE Vector Graphic - Fill","hd":false},{"ty":"tr","p":{"a":0,"k":[-72,-66],"ix":2},"a":{"a":0,"k":[0,0],"ix":1},"s":{"a":0,"k":[100,100],"ix":3},"r":{"a":0,"k":0,"ix":6},"o":{"a":0,"k":100,"ix":7},"sk":{"a":0,"k":0,"ix":4},"sa":{"a":0,"k":0,"ix":5},"nm":"Transform"}],"nm":"Ellipse 1","np":3,"cix":2,"bm":0,"ix":2,"mn":"ADBE Vector Group","hd":false},{"ty":"gr","it":[{"ind":0,"ty":"sh","ix":1,"ks":{"a":0,"k":{"i":[[0,0],[0,0],[-9.631,0.018],[0,0],[0,0]],"o":[[0,0],[0,0],[9.701,-0.018],[0,0],[0,0]],"v":[[-121.714,-33],[-43.751,59.518],[-25,73.5],[-5.504,59.45],[73.857,-33]],"c":true},"ix":2},"nm":"Path 1","mn":"ADBE Vector Shape - Group","hd":false},{"ty":"fl","c":{"a":0,"k":[0,0,0,1],"ix":4},"o":{"a":0,"k":100,"ix":5},"r":1,"bm":0,"nm":"Fill 1","mn":"ADBE Vector Graphic - Fill","hd":false},{"ty":"tr","p":{"a":0,"k":[0,0],"ix":2},"a":{"a":0,"k":[0,0],"ix":1},"s":{"a":0,"k":[100,100],"ix":3},"r":{"a":0,"k":0,"ix":6},"o":{"a":0,"k":100,"ix":7},"sk":{"a":0,"k":0,"ix":4},"sa":{"a":0,"k":0,"ix":5},"nm":"Transform"}],"nm":"Shape 2","np":3,"cix":2,"bm":0,"ix":3,"mn":"ADBE Vector Group","hd":false},{"ty":"tr","p":{"a":0,"k":[-51.463,-67.5],"ix":2},"a":{"a":0,"k":[0,0],"ix":1},"s":{"a":0,"k":[100,100],"ix":3},"r":{"a":0,"k":180,"ix":6},"o":{"a":0,"k":100,"ix":7},"sk":{"a":0,"k":0,"ix":4},"sa":{"a":0,"k":0,"ix":5},"nm":"Transform"}],"nm":"Group 1","np":3,"cix":2,"bm":0,"ix":1,"mn":"ADBE Vector Group","hd":false},{"ty":"gr","it":[{"ind":0,"ty":"sh","ix":1,"ks":{"a":0,"k":{"i":[[1.699,9.968],[-0.367,0.383],[2.884,-6.16],[6.693,-2.332],[4.851,-0.973],[0.041,-0.057],[0,-1.583],[0,-4.047],[-31.6,0],[-0.248,0.248],[0,0.845],[0,1.88],[0.589,0.842],[1.354,0.272],[3.816,1.256],[3.089,6.558]],"o":[[0.576,-0.146],[0.086,-0.09],[-3.271,6.988],[-3.956,1.378],[-1.384,0.278],[-0.325,0.447],[0,5.169],[31.098,0],[2.198,0],[0.4,-0.4],[0,-2.492],[0,-1.598],[-0.097,-0.139],[-5.287,-1.061],[-7.401,-2.436],[-3.411,-7.241]],"v":[[-16.253,34.183],[-38.263,34.988],[-42.02,59.95],[-57.588,74.712],[-72.082,77.665],[-76.913,78.738],[-76.913,83.301],[-76.913,97.527],[17.029,97.527],[23.471,97.527],[23.471,95.38],[23.471,88.133],[23.471,78.738],[18.908,77.665],[4.414,74.712],[-11.422,59.95]],"c":true},"ix":2},"nm":"Path 3","mn":"ADBE Vector Shape - Group","hd":false},{"ty":"fl","c":{"a":0,"k":[0,0,0,1],"ix":4},"o":{"a":0,"k":100,"ix":5},"r":1,"bm":0,"nm":"Fill 1","mn":"ADBE Vector Graphic - Fill","hd":false},{"ty":"tr","p":{"a":0,"k":[0,0],"ix":2},"a":{"a":0,"k":[0,0],"ix":1},"s":{"a":0,"k":[100,100],"ix":3},"r":{"a":0,"k":0,"ix":6},"o":{"a":0,"k":100,"ix":7},"sk":{"a":0,"k":0,"ix":4},"sa":{"a":0,"k":0,"ix":5},"nm":"Transform"}],"nm":"stand","np":3,"cix":2,"bm":0,"ix":2,"mn":"ADBE Vector Group","hd":false},{"ty":"tr","p":{"a":0,"k":[-27.463,71.51],"ix":2},"a":{"a":0,"k":[-27.463,92.204],"ix":1},"s":{"a":0,"k":[84,84],"ix":3},"r":{"a":0,"k":0,"ix":6},"o":{"a":0,"k":100,"ix":7},"sk":{"a":0,"k":0,"ix":4},"sa":{"a":0,"k":0,"ix":5},"nm":"Transform"}],"nm":"Group 1","np":2,"cix":2,"bm":0,"ix":1,"mn":"ADBE Vector Group","hd":false},{"ty":"tr","p":{"a":0,"k":[-334.938,-43.957],"ix":2},"a":{"a":0,"k":[-24,-66],"ix":1},"s":{"a":0,"k":[65,65],"ix":3},"r":{"a":0,"k":0,"ix":6},"o":{"a":0,"k":100,"ix":7},"sk":{"a":0,"k":0,"ix":4},"sa":{"a":0,"k":0,"ix":5},"nm":"Transform"}],"nm":"coeur","np":1,"cix":2,"bm":0,"ix":1,"mn":"ADBE Vector Group","hd":false},{"ty":"gr","it":[{"ty":"rc","d":1,"s":{"a":0,"k":[229.414,324.578],"ix":2},"p":{"a":0,"k":[0,0],"ix":3},"r":{"a":0,"k":37,"ix":4},"nm":"Rectangle Path 1","mn":"ADBE Vector Shape - Rect","hd":false},{"ty":"tr","p":{"a":0,"k":[-337.293,-21.711],"ix":2},"a":{"a":0,"k":[0,0],"ix":1},"s":{"a":0,"k":[85,85],"ix":3},"r":{"a":0,"k":0,"ix":6},"o":{"a":0,"k":100,"ix":7},"sk":{"a":0,"k":0,"ix":4},"sa":{"a":0,"k":0,"ix":5},"nm":"Transform"}],"nm":"Rectangle 2","np":2,"cix":2,"bm":0,"ix":2,"mn":"ADBE Vector Group","hd":false},{"ty":"gr","it":[{"ty":"rc","d":1,"s":{"a":0,"k":[229.414,324.578],"ix":2},"p":{"a":0,"k":[0,0],"ix":3},"r":{"a":0,"k":37,"ix":4},"nm":"Rectangle Path 1","mn":"ADBE Vector Shape - Rect","hd":false},{"ty":"fl","c":{"a":0,"k":[0.950719952583,0.938483834267,0.88138204813,1],"ix":4},"o":{"a":0,"k":100,"ix":5},"r":1,"bm":0,"nm":"Fill 1","mn":"ADBE Vector Graphic - Fill","hd":false},{"ty":"tr","p":{"a":0,"k":[-337.293,-21.711],"ix":2},"a":{"a":0,"k":[0,0],"ix":1},"s":{"a":0,"k":[100,100],"ix":3},"r":{"a":0,"k":0,"ix":6},"o":{"a":0,"k":100,"ix":7},"sk":{"a":0,"k":0,"ix":4},"sa":{"a":0,"k":0,"ix":5},"nm":"Transform"}],"nm":"Rectangle 1","np":3,"cix":2,"bm":0,"ix":3,"mn":"ADBE Vector Group","hd":false}],"ip":30,"op":129,"st":9,"bm":0},{"ddd":1,"ind":2,"ty":4,"nm":"carte carreau 2","sr":1,"ks":{"o":{"a":0,"k":100,"ix":11},"rx":{"a":0,"k":0,"ix":8},"ry":{"a":0,"k":0,"ix":9},"rz":{"a":1,"k":[{"i":{"x":[0],"y":[1]},"o":{"x":[1],"y":[0]},"t":6,"s":[20]},{"i":{"x":[0.667],"y":[1]},"o":{"x":[1],"y":[0]},"t":26,"s":[0]},{"i":{"x":[0.55],"y":[1]},"o":{"x":[1],"y":[0]},"t":50,"s":[0]},{"t":56,"s":[4]}],"ix":10},"or":{"a":0,"k":[0,0,0],"ix":7},"p":{"a":1,"k":[{"i":{"x":0,"y":1},"o":{"x":1,"y":0},"t":6,"s":[540,572.289,0],"to":[0,0,0],"ti":[0,0,0]},{"i":{"x":0,"y":0},"o":{"x":1,"y":1},"t":26,"s":[671.707,256.289,0],"to":[0,0,0],"ti":[0,0,0]},{"i":{"x":0,"y":1},"o":{"x":1,"y":0},"t":36,"s":[671.707,256.289,0],"to":[0,0,0],"ti":[0,0,0]},{"i":{"x":0.55,"y":1},"o":{"x":1,"y":0},"t":46,"s":[540,256.289,0],"to":[0,0,0],"ti":[0,0,0]},{"t":56,"s":[528,256.289,0]}],"ix":2},"a":{"a":0,"k":[-337.293,-21.711,0],"ix":1},"s":{"a":0,"k":[100,100,100],"ix":6}},"ao":0,"hasMask":true,"masksProperties":[{"inv":false,"mode":"a","pt":{"a":1,"k":[{"i":{"x":0,"y":1},"o":{"x":0.167,"y":0},"t":10,"s":[{"i":[[0,-20.435],[0,0],[20.435,0],[0,0],[0,20.435],[0,0],[-20.435,0],[0,0]],"o":[[0,0],[0,20.435],[0,0],[-20.435,0],[0,0],[0,-20.435],[0,0],[20.435,0]],"v":[[-222.163,103.062],[-222.086,104.078],[-259.086,141.078],[-414.5,141.078],[-451.5,104.078],[-451.577,103.062],[-414.577,66.062],[-259.163,66.062]],"c":true}]},{"t":20,"s":[{"i":[[0,-20.435],[0,0],[20.435,0],[0,0],[0,20.435],[0,0],[-20.435,0],[0,0]],"o":[[0,0],[0,20.435],[0,0],[-20.435,0],[0,0],[0,-20.435],[0,0],[20.435,0]],"v":[[-222.086,-146.5],[-222.086,104.078],[-259.086,141.078],[-414.5,141.078],[-451.5,104.078],[-451.5,-146.5],[-414.5,-183.5],[-259.086,-183.5]],"c":true}]}],"ix":1},"o":{"a":0,"k":100,"ix":3},"x":{"a":0,"k":0,"ix":4},"nm":"Mask 1"}],"shapes":[{"ty":"gr","it":[{"ty":"sr","sy":1,"d":1,"pt":{"a":0,"k":4,"ix":3},"p":{"a":0,"k":[0,4.7],"ix":4},"r":{"a":0,"k":175.512,"ix":5},"ir":{"a":0,"k":45.626,"ix":6},"is":{"a":0,"k":0,"ix":8},"or":{"a":0,"k":64.89,"ix":7},"os":{"a":0,"k":0,"ix":9},"ix":1,"nm":"Polystar Path 1","mn":"ADBE Vector Shape - Star","hd":false},{"ty":"fl","c":{"a":0,"k":[0.8828125,0,0.22265625,1],"ix":4},"o":{"a":0,"k":100,"ix":5},"r":1,"bm":0,"nm":"Fill 1","mn":"ADBE Vector Graphic - Fill","hd":false},{"ty":"tr","p":{"a":0,"k":[-340.422,-21.587],"ix":2},"a":{"a":0,"k":[0,0],"ix":1},"s":{"a":0,"k":[100,100],"ix":3},"r":{"a":0,"k":4.7,"ix":6},"o":{"a":0,"k":100,"ix":7},"sk":{"a":0,"k":0,"ix":4},"sa":{"a":0,"k":0,"ix":5},"nm":"Transform"}],"nm":"Polystar 1","np":3,"cix":2,"bm":0,"ix":1,"mn":"ADBE Vector Group","hd":false},{"ty":"gr","it":[{"ty":"rc","d":1,"s":{"a":0,"k":[229.414,324.578],"ix":2},"p":{"a":0,"k":[0,0],"ix":3},"r":{"a":0,"k":37,"ix":4},"nm":"Rectangle Path 1","mn":"ADBE Vector Shape - Rect","hd":false},{"ty":"fl","c":{"a":0,"k":[0.950719952583,0.938483834267,0.88138204813,1],"ix":4},"o":{"a":0,"k":100,"ix":5},"r":1,"bm":0,"nm":"Fill 1","mn":"ADBE Vector Graphic - Fill","hd":false},{"ty":"tr","p":{"a":0,"k":[-337.293,-21.711],"ix":2},"a":{"a":0,"k":[0,0],"ix":1},"s":{"a":0,"k":[100,100],"ix":3},"r":{"a":0,"k":0,"ix":6},"o":{"a":0,"k":100,"ix":7},"sk":{"a":0,"k":0,"ix":4},"sa":{"a":0,"k":0,"ix":5},"nm":"Transform"}],"nm":"Rectangle 1","np":3,"cix":2,"bm":0,"ix":2,"mn":"ADBE Vector Group","hd":false}],"ip":30,"op":126,"st":6,"bm":0},{"ddd":1,"ind":3,"ty":4,"nm":"carte trefle 2","sr":1,"ks":{"o":{"a":0,"k":100,"ix":11},"rx":{"a":0,"k":0,"ix":8},"ry":{"a":0,"k":0,"ix":9},"rz":{"a":1,"k":[{"i":{"x":[0],"y":[1]},"o":{"x":[1],"y":[0]},"t":3,"s":[20]},{"i":{"x":[0.667],"y":[1]},"o":{"x":[1],"y":[0]},"t":23,"s":[0]},{"i":{"x":[0.55],"y":[1]},"o":{"x":[1],"y":[0]},"t":50,"s":[0]},{"t":56,"s":[-7]}],"ix":10},"or":{"a":0,"k":[0,0,0],"ix":7},"p":{"a":1,"k":[{"i":{"x":0,"y":1},"o":{"x":1,"y":0},"t":3,"s":[540,572.289,0],"to":[0,0,0],"ti":[0,0,0]},{"i":{"x":0,"y":0},"o":{"x":1,"y":1},"t":23,"s":[423.707,256.289,0],"to":[0,0,0],"ti":[0,0,0]},{"i":{"x":0,"y":1},"o":{"x":1,"y":0},"t":36,"s":[423.707,256.289,0],"to":[0,0,0],"ti":[0,0,0]},{"i":{"x":0.55,"y":1},"o":{"x":1,"y":0},"t":46,"s":[539.911,256.289,0],"to":[0,0,0],"ti":[0,0,0]},{"t":56,"s":[516,256.289,0]}],"ix":2},"a":{"a":0,"k":[-337.293,-21.711,0],"ix":1},"s":{"a":0,"k":[100,100,100],"ix":6}},"ao":0,"hasMask":true,"masksProperties":[{"inv":false,"mode":"a","pt":{"a":1,"k":[{"i":{"x":0,"y":1},"o":{"x":0.167,"y":0},"t":7,"s":[{"i":[[0,-20.435],[0,0],[20.435,0],[0,0],[0,20.435],[0,0],[-20.435,0],[0,0]],"o":[[0,0],[0,20.435],[0,0],[-20.435,0],[0,0],[0,-20.435],[0,0],[20.435,0]],"v":[[-222.163,103.062],[-222.086,104.078],[-259.086,141.078],[-414.5,141.078],[-451.5,104.078],[-451.577,103.062],[-414.577,66.062],[-259.163,66.062]],"c":true}]},{"t":17,"s":[{"i":[[0,-20.435],[0,0],[20.435,0],[0,0],[0,20.435],[0,0],[-20.435,0],[0,0]],"o":[[0,0],[0,20.435],[0,0],[-20.435,0],[0,0],[0,-20.435],[0,0],[20.435,0]],"v":[[-222.086,-146.5],[-222.086,104.078],[-259.086,141.078],[-414.5,141.078],[-451.5,104.078],[-451.5,-146.5],[-414.5,-183.5],[-259.086,-183.5]],"c":true}]}],"ix":1},"o":{"a":0,"k":100,"ix":3},"x":{"a":0,"k":0,"ix":4},"nm":"Mask 1"}],"shapes":[{"ty":"gr","it":[{"ty":"gr","it":[{"ind":0,"ty":"sh","ix":1,"ks":{"a":0,"k":{"i":[[1.242,7.286],[-0.18,-0.195],[-0.215,-0.349],[-0.774,-0.476],[-0.414,-0.275],[-0.517,-0.374],[-2.626,-1.049],[-3.324,-0.333],[-0.955,-0.061],[-5.781,4.058],[3.23,16.531],[0.843,1.975],[1.231,1.933],[1.016,1.193],[0.267,0.279],[2.417,1.399],[0.296,0.171],[0.522,0.289],[1.203,0.364],[0.101,0.037],[1.495,0.345],[1.49,0.201],[0.334,0.458],[-0.064,0.759],[0.065,1.052],[5.821,5.372],[4.154,1.711],[5.673,-0.166],[4.339,-2.231],[1.287,-1.198],[0.172,-0.135],[0.393,-0.343],[0.646,-0.721],[0.181,-0.222],[0.199,-0.227],[1.536,-4.441],[-0.1,-5.069],[0.112,-0.106],[1.126,-0.106],[0.628,-0.141],[1.561,-0.582],[0.309,-0.13],[0.209,-0.094],[1.387,-0.867],[0.689,-0.515],[1.186,-1.186],[1.274,-1.817],[0.976,-2.18],[-0.013,-5.979],[-0.677,-2.468],[-1.846,-2.932],[-0.256,-0.375],[-0.283,-0.38],[-0.099,-0.145],[-0.409,-0.474],[-0.106,-0.136],[-0.146,-0.155],[-0.971,-0.858],[-0.327,-0.271],[-0.367,-0.352],[-0.469,-0.311],[-8.046,-0.129],[-5.703,4.361],[-1.644,1.855],[-0.268,0.28],[-0.064,0.057],[0.117,-1.057],[2.108,-4.503],[4.892,-1.704],[3.546,-0.711],[0.03,-0.042],[0,-1.157],[0,-2.958],[-23.098,0],[-0.181,0.181],[0,0.617],[0,1.374],[0.431,0.615],[0.99,0.199],[2.79,0.918],[2.258,4.794]],"o":[[0.421,-0.107],[0.436,0.473],[0.594,0.965],[0.602,0.37],[0.543,0.36],[2.34,1.69],[2.884,1.152],[0.923,0.093],[9.382,0.604],[10.02,-7.033],[-0.481,-2.461],[-0.93,-2.178],[-1.005,-1.579],[-0.258,-0.303],[-2.046,-2.134],[-0.429,-0.248],[-0.591,-0.342],[-1.106,-0.613],[-0.073,-0.022],[-1.52,-0.549],[-1.218,-0.281],[-1.053,-0.142],[-0.177,-0.242],[0.16,-1.913],[-0.64,-10.3],[-3.054,-2.818],[-4.263,-1.756],[-5.934,0.174],[-1.809,0.93],[-0.153,0.142],[-0.401,0.313],[-0.861,0.752],[-0.191,0.213],[-0.19,0.233],[-2.696,3.078],[-1.286,3.717],[0.021,1.064],[-0.312,0.295],[-1.525,0.144],[-1.912,0.43],[-0.267,0.1],[-0.309,0.13],[-1.751,0.786],[-0.82,0.512],[-1.439,1.075],[-1.536,1.536],[-1.218,1.737],[-1.855,4.144],[0.008,3.497],[1.126,4.104],[0.234,0.372],[0.239,0.351],[0.121,0.162],[0.381,0.557],[0.122,0.142],[0.128,0.164],[0.955,1.009],[0.315,0.278],[0.54,0.449],[0.476,0.456],[5.092,3.372],[9.813,0.157],[1.977,-1.512],[0.412,-0.464],[0.063,-0.066],[0.915,-0.811],[-0.728,6.555],[-2.391,5.108],[-2.892,1.007],[-1.012,0.203],[-0.238,0.327],[0,3.778],[22.731,0],[1.607,0],[0.293,-0.293],[0,-1.822],[0,-1.168],[-0.071,-0.102],[-3.864,-0.775],[-5.41,-1.781],[-2.493,-5.293]],"v":[[-315.084,104.979],[-314.299,105.567],[-313.318,106.745],[-310.375,109.688],[-308.805,111.061],[-307.432,112.042],[-299.78,116.358],[-290.167,118.713],[-287.42,118.909],[-264.661,112.238],[-249.947,74.961],[-252.105,68.094],[-255.244,62.208],[-258.383,58.088],[-259.168,57.303],[-266.035,51.417],[-267.016,50.829],[-268.389,50.044],[-271.921,48.474],[-272.313,48.082],[-277.022,46.709],[-280.749,45.924],[-286.243,45.335],[-286.047,43.766],[-286.047,38.272],[-297.622,14.14],[-308.413,7.077],[-323.52,4.134],[-339.608,8.254],[-344.905,11.786],[-345.494,11.982],[-346.671,13.159],[-349.222,15.317],[-349.614,16.102],[-350.399,16.691],[-357.462,28.855],[-359.424,41.215],[-359.228,45.531],[-363.544,45.728],[-367.468,46.512],[-372.765,48.082],[-373.55,48.474],[-374.531,48.671],[-379.632,51.614],[-381.594,52.987],[-385.322,56.322],[-389.638,61.227],[-392.973,67.113],[-396.309,82.416],[-394.935,91.834],[-390.423,102.036],[-389.834,103.213],[-388.853,104.194],[-388.657,104.783],[-387.284,106.156],[-387.088,106.745],[-386.499,107.137],[-383.752,109.884],[-382.771,110.669],[-381.006,112.042],[-379.632,113.023],[-360.013,119.105],[-336.861,111.257],[-332.153,106.745],[-331.172,105.567],[-330.976,105.175],[-330.779,107.529],[-333.918,123.814],[-345.298,134.604],[-355.892,136.763],[-359.424,137.547],[-359.424,140.883],[-359.424,151.281],[-290.755,151.281],[-286.047,151.281],[-286.047,149.712],[-286.047,144.414],[-286.047,137.547],[-289.382,136.763],[-299.977,134.604],[-311.552,123.814]],"c":true},"ix":2},"nm":"Path 1","mn":"ADBE Vector Shape - Group","hd":false},{"ty":"fl","c":{"a":0,"k":[0,0,0,1],"ix":4},"o":{"a":0,"k":100,"ix":5},"r":1,"bm":0,"nm":"Fill 1","mn":"ADBE Vector Graphic - Fill","hd":false},{"ty":"tr","p":{"a":0,"k":[-10.645,-51.216],"ix":2},"a":{"a":0,"k":[-313.522,58.075],"ix":1},"s":{"a":0,"k":[137,137],"ix":3},"r":{"a":0,"k":0,"ix":6},"o":{"a":0,"k":100,"ix":7},"sk":{"a":0,"k":0,"ix":4},"sa":{"a":0,"k":0,"ix":5},"nm":"Transform"}],"nm":"Ellipse 3","np":3,"cix":2,"bm":0,"ix":1,"mn":"ADBE Vector Group","hd":false},{"ty":"tr","p":{"a":0,"k":[-337.438,-43.957],"ix":2},"a":{"a":0,"k":[-24,-66],"ix":1},"s":{"a":0,"k":[65,65],"ix":3},"r":{"a":0,"k":0,"ix":6},"o":{"a":0,"k":100,"ix":7},"sk":{"a":0,"k":0,"ix":4},"sa":{"a":0,"k":0,"ix":5},"nm":"Transform"}],"nm":"trefle","np":1,"cix":2,"bm":0,"ix":1,"mn":"ADBE Vector Group","hd":false},{"ty":"gr","it":[{"ty":"rc","d":1,"s":{"a":0,"k":[229.414,324.578],"ix":2},"p":{"a":0,"k":[0,0],"ix":3},"r":{"a":0,"k":37,"ix":4},"nm":"Rectangle Path 1","mn":"ADBE Vector Shape - Rect","hd":false},{"ty":"fl","c":{"a":0,"k":[0.950719952583,0.938483834267,0.88138204813,1],"ix":4},"o":{"a":0,"k":100,"ix":5},"r":1,"bm":0,"nm":"Fill 1","mn":"ADBE Vector Graphic - Fill","hd":false},{"ty":"tr","p":{"a":0,"k":[-337.204,-21.65],"ix":2},"a":{"a":0,"k":[0,0],"ix":1},"s":{"a":0,"k":[100,100],"ix":3},"r":{"a":0,"k":0,"ix":6},"o":{"a":0,"k":100,"ix":7},"sk":{"a":0,"k":0,"ix":4},"sa":{"a":0,"k":0,"ix":5},"nm":"Transform"}],"nm":"Rectangle 1","np":3,"cix":2,"bm":0,"ix":2,"mn":"ADBE Vector Group","hd":false}],"ip":30,"op":123,"st":3,"bm":0},{"ddd":1,"ind":4,"ty":4,"nm":"carte coeur 2","sr":1,"ks":{"o":{"a":0,"k":100,"ix":11},"rx":{"a":0,"k":0,"ix":8},"ry":{"a":0,"k":0,"ix":9},"rz":{"a":1,"k":[{"i":{"x":[0],"y":[1]},"o":{"x":[1],"y":[0]},"t":0,"s":[20]},{"i":{"x":[0.667],"y":[1]},"o":{"x":[1],"y":[0]},"t":20,"s":[0]},{"i":{"x":[0.55],"y":[1]},"o":{"x":[1],"y":[0]},"t":50,"s":[0]},{"t":56,"s":[-18]}],"ix":10},"or":{"a":0,"k":[0,0,0],"ix":7},"p":{"a":1,"k":[{"i":{"x":0,"y":1},"o":{"x":1,"y":0},"t":0,"s":[540,572.289,0],"to":[0,0,0],"ti":[0,0,0]},{"i":{"x":0,"y":0},"o":{"x":1,"y":1},"t":20,"s":[175.707,256.289,0],"to":[0,0,0],"ti":[0,0,0]},{"i":{"x":0,"y":1},"o":{"x":1,"y":0},"t":36,"s":[175.707,256.289,0],"to":[0,0,0],"ti":[0,0,0]},{"i":{"x":0.55,"y":1},"o":{"x":1,"y":0},"t":46,"s":[540,256.289,0],"to":[0,0,0],"ti":[0,0,0]},{"t":56,"s":[504,256.289,0]}],"ix":2},"a":{"a":0,"k":[-337.293,-21.711,0],"ix":1},"s":{"a":0,"k":[100,100,100],"ix":6}},"ao":0,"hasMask":true,"masksProperties":[{"inv":false,"mode":"a","pt":{"a":1,"k":[{"i":{"x":0,"y":1},"o":{"x":0.167,"y":0},"t":4,"s":[{"i":[[0,-20.435],[0,0],[20.435,0],[0,0],[0,20.435],[0,0],[-20.435,0],[0,0]],"o":[[0,0],[0,20.435],[0,0],[-20.435,0],[0,0],[0,-20.435],[0,0],[20.435,0]],"v":[[-222.163,103.062],[-222.086,104.078],[-259.086,141.078],[-414.5,141.078],[-451.5,104.078],[-451.577,103.062],[-414.577,66.062],[-259.163,66.062]],"c":true}]},{"t":14,"s":[{"i":[[0,-20.435],[0,0],[20.435,0],[0,0],[0,20.435],[0,0],[-20.435,0],[0,0]],"o":[[0,0],[0,20.435],[0,0],[-20.435,0],[0,0],[0,-20.435],[0,0],[20.435,0]],"v":[[-222.086,-146.5],[-222.086,104.078],[-259.086,141.078],[-414.5,141.078],[-451.5,104.078],[-451.5,-146.5],[-414.5,-183.5],[-259.086,-183.5]],"c":true}]}],"ix":1},"o":{"a":0,"k":100,"ix":3},"x":{"a":0,"k":0,"ix":4},"nm":"Mask 1"}],"shapes":[{"ty":"gr","it":[{"ty":"gr","it":[{"d":1,"ty":"el","s":{"a":0,"k":[119.703,119.703],"ix":2},"p":{"a":0,"k":[0,0],"ix":3},"nm":"Ellipse Path 1","mn":"ADBE Vector Shape - Ellipse","hd":false},{"ty":"fl","c":{"a":0,"k":[0.8828125,0,0.22265625,1],"ix":4},"o":{"a":0,"k":100,"ix":5},"r":1,"bm":0,"nm":"Fill 1","mn":"ADBE Vector Graphic - Fill","hd":false},{"ty":"tr","p":{"a":0,"k":[24,-66],"ix":2},"a":{"a":0,"k":[0,0],"ix":1},"s":{"a":0,"k":[100,100],"ix":3},"r":{"a":0,"k":0,"ix":6},"o":{"a":0,"k":100,"ix":7},"sk":{"a":0,"k":0,"ix":4},"sa":{"a":0,"k":0,"ix":5},"nm":"Transform"}],"nm":"Ellipse 2","np":3,"cix":2,"bm":0,"ix":1,"mn":"ADBE Vector Group","hd":false},{"ty":"gr","it":[{"d":1,"ty":"el","s":{"a":0,"k":[119.703,119.703],"ix":2},"p":{"a":0,"k":[0,0],"ix":3},"nm":"Ellipse Path 1","mn":"ADBE Vector Shape - Ellipse","hd":false},{"ty":"fl","c":{"a":0,"k":[0.8828125,0,0.22265625,1],"ix":4},"o":{"a":0,"k":100,"ix":5},"r":1,"bm":0,"nm":"Fill 1","mn":"ADBE Vector Graphic - Fill","hd":false},{"ty":"tr","p":{"a":0,"k":[-72,-66],"ix":2},"a":{"a":0,"k":[0,0],"ix":1},"s":{"a":0,"k":[100,100],"ix":3},"r":{"a":0,"k":0,"ix":6},"o":{"a":0,"k":100,"ix":7},"sk":{"a":0,"k":0,"ix":4},"sa":{"a":0,"k":0,"ix":5},"nm":"Transform"}],"nm":"Ellipse 1","np":3,"cix":2,"bm":0,"ix":2,"mn":"ADBE Vector Group","hd":false},{"ty":"gr","it":[{"ind":0,"ty":"sh","ix":1,"ks":{"a":0,"k":{"i":[[0,0],[0,0],[-9.631,0.018],[0,0],[0,0]],"o":[[0,0],[0,0],[9.701,-0.018],[0,0],[0,0]],"v":[[-121.714,-33],[-43.751,59.518],[-25,73.5],[-5.504,59.45],[73.857,-33]],"c":true},"ix":2},"nm":"Path 1","mn":"ADBE Vector Shape - Group","hd":false},{"ty":"fl","c":{"a":0,"k":[0.8828125,0,0.22265625,1],"ix":4},"o":{"a":0,"k":100,"ix":5},"r":1,"bm":0,"nm":"Fill 1","mn":"ADBE Vector Graphic - Fill","hd":false},{"ty":"tr","p":{"a":0,"k":[0,0],"ix":2},"a":{"a":0,"k":[0,0],"ix":1},"s":{"a":0,"k":[100,100],"ix":3},"r":{"a":0,"k":0,"ix":6},"o":{"a":0,"k":100,"ix":7},"sk":{"a":0,"k":0,"ix":4},"sa":{"a":0,"k":0,"ix":5},"nm":"Transform"}],"nm":"Shape 1","np":3,"cix":2,"bm":0,"ix":3,"mn":"ADBE Vector Group","hd":false},{"ty":"tr","p":{"a":0,"k":[-337.438,-43.957],"ix":2},"a":{"a":0,"k":[-24,-66],"ix":1},"s":{"a":0,"k":[60,60],"ix":3},"r":{"a":0,"k":0,"ix":6},"o":{"a":0,"k":100,"ix":7},"sk":{"a":0,"k":0,"ix":4},"sa":{"a":0,"k":0,"ix":5},"nm":"Transform"}],"nm":"coeur","np":3,"cix":2,"bm":0,"ix":1,"mn":"ADBE Vector Group","hd":false},{"ty":"gr","it":[{"ty":"rc","d":1,"s":{"a":0,"k":[229.414,324.578],"ix":2},"p":{"a":0,"k":[0,0],"ix":3},"r":{"a":0,"k":37,"ix":4},"nm":"Rectangle Path 1","mn":"ADBE Vector Shape - Rect","hd":false},{"ty":"fl","c":{"a":0,"k":[0.950719952583,0.938483834267,0.88138204813,1],"ix":4},"o":{"a":0,"k":100,"ix":5},"r":1,"bm":0,"nm":"Fill 1","mn":"ADBE Vector Graphic - Fill","hd":false},{"ty":"tr","p":{"a":0,"k":[-337.293,-21.711],"ix":2},"a":{"a":0,"k":[0,0],"ix":1},"s":{"a":0,"k":[100,100],"ix":3},"r":{"a":0,"k":0,"ix":6},"o":{"a":0,"k":100,"ix":7},"sk":{"a":0,"k":0,"ix":4},"sa":{"a":0,"k":0,"ix":5},"nm":"Transform"}],"nm":"Rectangle 1","np":4,"cix":2,"bm":0,"ix":2,"mn":"ADBE Vector Group","hd":false}],"ip":30,"op":120,"st":0,"bm":0},{"ddd":1,"ind":5,"ty":4,"nm":"carte coeur","sr":1,"ks":{"o":{"a":0,"k":100,"ix":11},"rx":{"a":0,"k":0,"ix":8},"ry":{"a":0,"k":0,"ix":9},"rz":{"a":1,"k":[{"i":{"x":[0],"y":[1]},"o":{"x":[1],"y":[0]},"t":0,"s":[20]},{"i":{"x":[0.667],"y":[1]},"o":{"x":[1],"y":[0]},"t":20,"s":[0]},{"i":{"x":[0.55],"y":[1]},"o":{"x":[1],"y":[0]},"t":46,"s":[0]},{"t":56,"s":[-18]}],"ix":10},"or":{"a":0,"k":[0,0,0],"ix":7},"p":{"a":1,"k":[{"i":{"x":0,"y":1},"o":{"x":1,"y":0},"t":0,"s":[540,572.289,0],"to":[0,0,0],"ti":[0,0,0]},{"i":{"x":0,"y":0},"o":{"x":1,"y":1},"t":20,"s":[175.707,256.289,0],"to":[0,0,0],"ti":[0,0,0]},{"i":{"x":0,"y":1},"o":{"x":1,"y":0},"t":32,"s":[175.707,256.289,0],"to":[0,0,0],"ti":[0,0,0]},{"i":{"x":0.55,"y":1},"o":{"x":1,"y":0},"t":46,"s":[540,256.289,0],"to":[0,0,0],"ti":[0,0,0]},{"t":56,"s":[504,256.289,0]}],"ix":2},"a":{"a":0,"k":[-337.293,-21.711,0],"ix":1},"s":{"a":0,"k":[100,100,100],"ix":6}},"ao":0,"hasMask":true,"masksProperties":[{"inv":false,"mode":"a","pt":{"a":1,"k":[{"i":{"x":0,"y":1},"o":{"x":0.167,"y":0},"t":4,"s":[{"i":[[0,-20.435],[0,0],[20.435,0],[0,0],[0,20.435],[0,0],[-20.435,0],[0,0]],"o":[[0,0],[0,20.435],[0,0],[-20.435,0],[0,0],[0,-20.435],[0,0],[20.435,0]],"v":[[-222.163,103.062],[-222.086,104.078],[-259.086,141.078],[-414.5,141.078],[-451.5,104.078],[-451.577,103.062],[-414.577,66.062],[-259.163,66.062]],"c":true}]},{"t":14,"s":[{"i":[[0,-20.435],[0,0],[20.435,0],[0,0],[0,20.435],[0,0],[-20.435,0],[0,0]],"o":[[0,0],[0,20.435],[0,0],[-20.435,0],[0,0],[0,-20.435],[0,0],[20.435,0]],"v":[[-222.086,-146.5],[-222.086,104.078],[-259.086,141.078],[-414.5,141.078],[-451.5,104.078],[-451.5,-146.5],[-414.5,-183.5],[-259.086,-183.5]],"c":true}]}],"ix":1},"o":{"a":0,"k":100,"ix":3},"x":{"a":0,"k":0,"ix":4},"nm":"Mask 1"}],"shapes":[{"ty":"gr","it":[{"ty":"gr","it":[{"d":1,"ty":"el","s":{"a":0,"k":[119.703,119.703],"ix":2},"p":{"a":0,"k":[0,0],"ix":3},"nm":"Ellipse Path 1","mn":"ADBE Vector Shape - Ellipse","hd":false},{"ty":"fl","c":{"a":0,"k":[0.8828125,0,0.22265625,1],"ix":4},"o":{"a":0,"k":100,"ix":5},"r":1,"bm":0,"nm":"Fill 1","mn":"ADBE Vector Graphic - Fill","hd":false},{"ty":"tr","p":{"a":0,"k":[24,-66],"ix":2},"a":{"a":0,"k":[0,0],"ix":1},"s":{"a":0,"k":[100,100],"ix":3},"r":{"a":0,"k":0,"ix":6},"o":{"a":0,"k":100,"ix":7},"sk":{"a":0,"k":0,"ix":4},"sa":{"a":0,"k":0,"ix":5},"nm":"Transform"}],"nm":"Ellipse 2","np":3,"cix":2,"bm":0,"ix":1,"mn":"ADBE Vector Group","hd":false},{"ty":"gr","it":[{"d":1,"ty":"el","s":{"a":0,"k":[119.703,119.703],"ix":2},"p":{"a":0,"k":[0,0],"ix":3},"nm":"Ellipse Path 1","mn":"ADBE Vector Shape - Ellipse","hd":false},{"ty":"fl","c":{"a":0,"k":[0.8828125,0,0.22265625,1],"ix":4},"o":{"a":0,"k":100,"ix":5},"r":1,"bm":0,"nm":"Fill 1","mn":"ADBE Vector Graphic - Fill","hd":false},{"ty":"tr","p":{"a":0,"k":[-72,-66],"ix":2},"a":{"a":0,"k":[0,0],"ix":1},"s":{"a":0,"k":[100,100],"ix":3},"r":{"a":0,"k":0,"ix":6},"o":{"a":0,"k":100,"ix":7},"sk":{"a":0,"k":0,"ix":4},"sa":{"a":0,"k":0,"ix":5},"nm":"Transform"}],"nm":"Ellipse 1","np":3,"cix":2,"bm":0,"ix":2,"mn":"ADBE Vector Group","hd":false},{"ty":"gr","it":[{"ind":0,"ty":"sh","ix":1,"ks":{"a":0,"k":{"i":[[0,0],[0,0],[-9.631,0.018],[0,0],[0,0]],"o":[[0,0],[0,0],[9.701,-0.018],[0,0],[0,0]],"v":[[-121.714,-33],[-43.751,59.518],[-25,73.5],[-5.504,59.45],[73.857,-33]],"c":true},"ix":2},"nm":"Path 1","mn":"ADBE Vector Shape - Group","hd":false},{"ty":"fl","c":{"a":0,"k":[0.8828125,0,0.22265625,1],"ix":4},"o":{"a":0,"k":100,"ix":5},"r":1,"bm":0,"nm":"Fill 1","mn":"ADBE Vector Graphic - Fill","hd":false},{"ty":"tr","p":{"a":0,"k":[0,0],"ix":2},"a":{"a":0,"k":[0,0],"ix":1},"s":{"a":0,"k":[100,100],"ix":3},"r":{"a":0,"k":0,"ix":6},"o":{"a":0,"k":100,"ix":7},"sk":{"a":0,"k":0,"ix":4},"sa":{"a":0,"k":0,"ix":5},"nm":"Transform"}],"nm":"Shape 1","np":3,"cix":2,"bm":0,"ix":3,"mn":"ADBE Vector Group","hd":false},{"ty":"tr","p":{"a":0,"k":[-337.438,-43.957],"ix":2},"a":{"a":0,"k":[-24,-66],"ix":1},"s":{"a":0,"k":[60,60],"ix":3},"r":{"a":0,"k":0,"ix":6},"o":{"a":0,"k":100,"ix":7},"sk":{"a":0,"k":0,"ix":4},"sa":{"a":0,"k":0,"ix":5},"nm":"Transform"}],"nm":"coeur","np":3,"cix":2,"bm":0,"ix":1,"mn":"ADBE Vector Group","hd":false},{"ty":"gr","it":[{"ty":"rc","d":1,"s":{"a":0,"k":[229.414,324.578],"ix":2},"p":{"a":0,"k":[0,0],"ix":3},"r":{"a":0,"k":37,"ix":4},"nm":"Rectangle Path 1","mn":"ADBE Vector Shape - Rect","hd":false},{"ty":"fl","c":{"a":0,"k":[0.950719952583,0.938483834267,0.88138204813,1],"ix":4},"o":{"a":0,"k":100,"ix":5},"r":1,"bm":0,"nm":"Fill 1","mn":"ADBE Vector Graphic - Fill","hd":false},{"ty":"tr","p":{"a":0,"k":[-337.293,-21.711],"ix":2},"a":{"a":0,"k":[0,0],"ix":1},"s":{"a":0,"k":[100,100],"ix":3},"r":{"a":0,"k":0,"ix":6},"o":{"a":0,"k":100,"ix":7},"sk":{"a":0,"k":0,"ix":4},"sa":{"a":0,"k":0,"ix":5},"nm":"Transform"}],"nm":"Rectangle 1","np":4,"cix":2,"bm":0,"ix":2,"mn":"ADBE Vector Group","hd":false}],"ip":0,"op":30,"st":0,"bm":0},{"ddd":1,"ind":6,"ty":4,"nm":"carte trefle","sr":1,"ks":{"o":{"a":0,"k":100,"ix":11},"rx":{"a":0,"k":0,"ix":8},"ry":{"a":0,"k":0,"ix":9},"rz":{"a":1,"k":[{"i":{"x":[0],"y":[1]},"o":{"x":[1],"y":[0]},"t":3,"s":[20]},{"i":{"x":[0.667],"y":[1]},"o":{"x":[1],"y":[0]},"t":23,"s":[0]},{"i":{"x":[0.55],"y":[1]},"o":{"x":[1],"y":[0]},"t":46,"s":[0]},{"t":56,"s":[-7]}],"ix":10},"or":{"a":0,"k":[0,0,0],"ix":7},"p":{"a":1,"k":[{"i":{"x":0,"y":1},"o":{"x":1,"y":0},"t":3,"s":[540,572.289,0],"to":[0,0,0],"ti":[0,0,0]},{"i":{"x":0,"y":0},"o":{"x":1,"y":1},"t":23,"s":[423.707,256.289,0],"to":[0,0,0],"ti":[0,0,0]},{"i":{"x":0,"y":1},"o":{"x":1,"y":0},"t":32,"s":[423.707,256.289,0],"to":[0,0,0],"ti":[0,0,0]},{"i":{"x":0.55,"y":1},"o":{"x":1,"y":0},"t":46,"s":[539.911,256.289,0],"to":[0,0,0],"ti":[0,0,0]},{"t":56,"s":[516,256.289,0]}],"ix":2},"a":{"a":0,"k":[-337.293,-21.711,0],"ix":1},"s":{"a":0,"k":[100,100,100],"ix":6}},"ao":0,"hasMask":true,"masksProperties":[{"inv":false,"mode":"a","pt":{"a":1,"k":[{"i":{"x":0,"y":1},"o":{"x":0.167,"y":0},"t":7,"s":[{"i":[[0,-20.435],[0,0],[20.435,0],[0,0],[0,20.435],[0,0],[-20.435,0],[0,0]],"o":[[0,0],[0,20.435],[0,0],[-20.435,0],[0,0],[0,-20.435],[0,0],[20.435,0]],"v":[[-222.163,103.062],[-222.086,104.078],[-259.086,141.078],[-414.5,141.078],[-451.5,104.078],[-451.577,103.062],[-414.577,66.062],[-259.163,66.062]],"c":true}]},{"t":17,"s":[{"i":[[0,-20.435],[0,0],[20.435,0],[0,0],[0,20.435],[0,0],[-20.435,0],[0,0]],"o":[[0,0],[0,20.435],[0,0],[-20.435,0],[0,0],[0,-20.435],[0,0],[20.435,0]],"v":[[-222.086,-146.5],[-222.086,104.078],[-259.086,141.078],[-414.5,141.078],[-451.5,104.078],[-451.5,-146.5],[-414.5,-183.5],[-259.086,-183.5]],"c":true}]}],"ix":1},"o":{"a":0,"k":100,"ix":3},"x":{"a":0,"k":0,"ix":4},"nm":"Mask 1"}],"shapes":[{"ty":"gr","it":[{"ty":"gr","it":[{"ind":0,"ty":"sh","ix":1,"ks":{"a":0,"k":{"i":[[1.242,7.286],[-0.18,-0.195],[-0.215,-0.349],[-0.774,-0.476],[-0.414,-0.275],[-0.517,-0.374],[-2.626,-1.049],[-3.324,-0.333],[-0.955,-0.061],[-5.781,4.058],[3.23,16.531],[0.843,1.975],[1.231,1.933],[1.016,1.193],[0.267,0.279],[2.417,1.399],[0.296,0.171],[0.522,0.289],[1.203,0.364],[0.101,0.037],[1.495,0.345],[1.49,0.201],[0.334,0.458],[-0.064,0.759],[0.065,1.052],[5.821,5.372],[4.154,1.711],[5.673,-0.166],[4.339,-2.231],[1.287,-1.198],[0.172,-0.135],[0.393,-0.343],[0.646,-0.721],[0.181,-0.222],[0.199,-0.227],[1.536,-4.441],[-0.1,-5.069],[0.112,-0.106],[1.126,-0.106],[0.628,-0.141],[1.561,-0.582],[0.309,-0.13],[0.209,-0.094],[1.387,-0.867],[0.689,-0.515],[1.186,-1.186],[1.274,-1.817],[0.976,-2.18],[-0.013,-5.979],[-0.677,-2.468],[-1.846,-2.932],[-0.256,-0.375],[-0.283,-0.38],[-0.099,-0.145],[-0.409,-0.474],[-0.106,-0.136],[-0.146,-0.155],[-0.971,-0.858],[-0.327,-0.271],[-0.367,-0.352],[-0.469,-0.311],[-8.046,-0.129],[-5.703,4.361],[-1.644,1.855],[-0.268,0.28],[-0.064,0.057],[0.117,-1.057],[2.108,-4.503],[4.892,-1.704],[3.546,-0.711],[0.03,-0.042],[0,-1.157],[0,-2.958],[-23.098,0],[-0.181,0.181],[0,0.617],[0,1.374],[0.431,0.615],[0.99,0.199],[2.79,0.918],[2.258,4.794]],"o":[[0.421,-0.107],[0.436,0.473],[0.594,0.965],[0.602,0.37],[0.543,0.36],[2.34,1.69],[2.884,1.152],[0.923,0.093],[9.382,0.604],[10.02,-7.033],[-0.481,-2.461],[-0.93,-2.178],[-1.005,-1.579],[-0.258,-0.303],[-2.046,-2.134],[-0.429,-0.248],[-0.591,-0.342],[-1.106,-0.613],[-0.073,-0.022],[-1.52,-0.549],[-1.218,-0.281],[-1.053,-0.142],[-0.177,-0.242],[0.16,-1.913],[-0.64,-10.3],[-3.054,-2.818],[-4.263,-1.756],[-5.934,0.174],[-1.809,0.93],[-0.153,0.142],[-0.401,0.313],[-0.861,0.752],[-0.191,0.213],[-0.19,0.233],[-2.696,3.078],[-1.286,3.717],[0.021,1.064],[-0.312,0.295],[-1.525,0.144],[-1.912,0.43],[-0.267,0.1],[-0.309,0.13],[-1.751,0.786],[-0.82,0.512],[-1.439,1.075],[-1.536,1.536],[-1.218,1.737],[-1.855,4.144],[0.008,3.497],[1.126,4.104],[0.234,0.372],[0.239,0.351],[0.121,0.162],[0.381,0.557],[0.122,0.142],[0.128,0.164],[0.955,1.009],[0.315,0.278],[0.54,0.449],[0.476,0.456],[5.092,3.372],[9.813,0.157],[1.977,-1.512],[0.412,-0.464],[0.063,-0.066],[0.915,-0.811],[-0.728,6.555],[-2.391,5.108],[-2.892,1.007],[-1.012,0.203],[-0.238,0.327],[0,3.778],[22.731,0],[1.607,0],[0.293,-0.293],[0,-1.822],[0,-1.168],[-0.071,-0.102],[-3.864,-0.775],[-5.41,-1.781],[-2.493,-5.293]],"v":[[-315.084,104.979],[-314.299,105.567],[-313.318,106.745],[-310.375,109.688],[-308.805,111.061],[-307.432,112.042],[-299.78,116.358],[-290.167,118.713],[-287.42,118.909],[-264.661,112.238],[-249.947,74.961],[-252.105,68.094],[-255.244,62.208],[-258.383,58.088],[-259.168,57.303],[-266.035,51.417],[-267.016,50.829],[-268.389,50.044],[-271.921,48.474],[-272.313,48.082],[-277.022,46.709],[-280.749,45.924],[-286.243,45.335],[-286.047,43.766],[-286.047,38.272],[-297.622,14.14],[-308.413,7.077],[-323.52,4.134],[-339.608,8.254],[-344.905,11.786],[-345.494,11.982],[-346.671,13.159],[-349.222,15.317],[-349.614,16.102],[-350.399,16.691],[-357.462,28.855],[-359.424,41.215],[-359.228,45.531],[-363.544,45.728],[-367.468,46.512],[-372.765,48.082],[-373.55,48.474],[-374.531,48.671],[-379.632,51.614],[-381.594,52.987],[-385.322,56.322],[-389.638,61.227],[-392.973,67.113],[-396.309,82.416],[-394.935,91.834],[-390.423,102.036],[-389.834,103.213],[-388.853,104.194],[-388.657,104.783],[-387.284,106.156],[-387.088,106.745],[-386.499,107.137],[-383.752,109.884],[-382.771,110.669],[-381.006,112.042],[-379.632,113.023],[-360.013,119.105],[-336.861,111.257],[-332.153,106.745],[-331.172,105.567],[-330.976,105.175],[-330.779,107.529],[-333.918,123.814],[-345.298,134.604],[-355.892,136.763],[-359.424,137.547],[-359.424,140.883],[-359.424,151.281],[-290.755,151.281],[-286.047,151.281],[-286.047,149.712],[-286.047,144.414],[-286.047,137.547],[-289.382,136.763],[-299.977,134.604],[-311.552,123.814]],"c":true},"ix":2},"nm":"Path 1","mn":"ADBE Vector Shape - Group","hd":false},{"ty":"fl","c":{"a":0,"k":[0,0,0,1],"ix":4},"o":{"a":0,"k":100,"ix":5},"r":1,"bm":0,"nm":"Fill 1","mn":"ADBE Vector Graphic - Fill","hd":false},{"ty":"tr","p":{"a":0,"k":[-10.645,-51.216],"ix":2},"a":{"a":0,"k":[-313.522,58.075],"ix":1},"s":{"a":0,"k":[137,137],"ix":3},"r":{"a":0,"k":0,"ix":6},"o":{"a":0,"k":100,"ix":7},"sk":{"a":0,"k":0,"ix":4},"sa":{"a":0,"k":0,"ix":5},"nm":"Transform"}],"nm":"Ellipse 3","np":3,"cix":2,"bm":0,"ix":1,"mn":"ADBE Vector Group","hd":false},{"ty":"tr","p":{"a":0,"k":[-337.438,-43.957],"ix":2},"a":{"a":0,"k":[-24,-66],"ix":1},"s":{"a":0,"k":[65,65],"ix":3},"r":{"a":0,"k":0,"ix":6},"o":{"a":0,"k":100,"ix":7},"sk":{"a":0,"k":0,"ix":4},"sa":{"a":0,"k":0,"ix":5},"nm":"Transform"}],"nm":"trefle","np":1,"cix":2,"bm":0,"ix":1,"mn":"ADBE Vector Group","hd":false},{"ty":"gr","it":[{"ty":"rc","d":1,"s":{"a":0,"k":[229.414,324.578],"ix":2},"p":{"a":0,"k":[0,0],"ix":3},"r":{"a":0,"k":37,"ix":4},"nm":"Rectangle Path 1","mn":"ADBE Vector Shape - Rect","hd":false},{"ty":"fl","c":{"a":0,"k":[0.950719952583,0.938483834267,0.88138204813,1],"ix":4},"o":{"a":0,"k":100,"ix":5},"r":1,"bm":0,"nm":"Fill 1","mn":"ADBE Vector Graphic - Fill","hd":false},{"ty":"tr","p":{"a":0,"k":[-337.204,-21.65],"ix":2},"a":{"a":0,"k":[0,0],"ix":1},"s":{"a":0,"k":[100,100],"ix":3},"r":{"a":0,"k":0,"ix":6},"o":{"a":0,"k":100,"ix":7},"sk":{"a":0,"k":0,"ix":4},"sa":{"a":0,"k":0,"ix":5},"nm":"Transform"}],"nm":"Rectangle 1","np":3,"cix":2,"bm":0,"ix":2,"mn":"ADBE Vector Group","hd":false}],"ip":3,"op":30,"st":3,"bm":0},{"ddd":1,"ind":7,"ty":4,"nm":"carte carreau","sr":1,"ks":{"o":{"a":0,"k":100,"ix":11},"rx":{"a":0,"k":0,"ix":8},"ry":{"a":0,"k":0,"ix":9},"rz":{"a":1,"k":[{"i":{"x":[0],"y":[1]},"o":{"x":[1],"y":[0]},"t":6,"s":[20]},{"i":{"x":[0.667],"y":[1]},"o":{"x":[1],"y":[0]},"t":26,"s":[0]},{"i":{"x":[0.55],"y":[1]},"o":{"x":[1],"y":[0]},"t":46,"s":[0]},{"t":56,"s":[4]}],"ix":10},"or":{"a":0,"k":[0,0,0],"ix":7},"p":{"a":1,"k":[{"i":{"x":0,"y":1},"o":{"x":1,"y":0},"t":6,"s":[540,572.289,0],"to":[0,0,0],"ti":[0,0,0]},{"i":{"x":0,"y":0},"o":{"x":1,"y":1},"t":26,"s":[671.707,256.289,0],"to":[0,0,0],"ti":[0,0,0]},{"i":{"x":0,"y":1},"o":{"x":1,"y":0},"t":32,"s":[671.707,256.289,0],"to":[0,0,0],"ti":[0,0,0]},{"i":{"x":0.55,"y":1},"o":{"x":1,"y":0},"t":46,"s":[540,256.289,0],"to":[0,0,0],"ti":[0,0,0]},{"t":56,"s":[528,256.289,0]}],"ix":2},"a":{"a":0,"k":[-337.293,-21.711,0],"ix":1},"s":{"a":0,"k":[100,100,100],"ix":6}},"ao":0,"hasMask":true,"masksProperties":[{"inv":false,"mode":"a","pt":{"a":1,"k":[{"i":{"x":0,"y":1},"o":{"x":0.167,"y":0},"t":10,"s":[{"i":[[0,-20.435],[0,0],[20.435,0],[0,0],[0,20.435],[0,0],[-20.435,0],[0,0]],"o":[[0,0],[0,20.435],[0,0],[-20.435,0],[0,0],[0,-20.435],[0,0],[20.435,0]],"v":[[-222.163,103.062],[-222.086,104.078],[-259.086,141.078],[-414.5,141.078],[-451.5,104.078],[-451.577,103.062],[-414.577,66.062],[-259.163,66.062]],"c":true}]},{"t":20,"s":[{"i":[[0,-20.435],[0,0],[20.435,0],[0,0],[0,20.435],[0,0],[-20.435,0],[0,0]],"o":[[0,0],[0,20.435],[0,0],[-20.435,0],[0,0],[0,-20.435],[0,0],[20.435,0]],"v":[[-222.086,-146.5],[-222.086,104.078],[-259.086,141.078],[-414.5,141.078],[-451.5,104.078],[-451.5,-146.5],[-414.5,-183.5],[-259.086,-183.5]],"c":true}]}],"ix":1},"o":{"a":0,"k":100,"ix":3},"x":{"a":0,"k":0,"ix":4},"nm":"Mask 1"}],"shapes":[{"ty":"gr","it":[{"ty":"sr","sy":1,"d":1,"pt":{"a":0,"k":4,"ix":3},"p":{"a":0,"k":[0,4.7],"ix":4},"r":{"a":0,"k":175.512,"ix":5},"ir":{"a":0,"k":45.626,"ix":6},"is":{"a":0,"k":0,"ix":8},"or":{"a":0,"k":64.89,"ix":7},"os":{"a":0,"k":0,"ix":9},"ix":1,"nm":"Polystar Path 1","mn":"ADBE Vector Shape - Star","hd":false},{"ty":"fl","c":{"a":0,"k":[0.8828125,0,0.22265625,1],"ix":4},"o":{"a":0,"k":100,"ix":5},"r":1,"bm":0,"nm":"Fill 1","mn":"ADBE Vector Graphic - Fill","hd":false},{"ty":"tr","p":{"a":0,"k":[-340.422,-21.587],"ix":2},"a":{"a":0,"k":[0,0],"ix":1},"s":{"a":0,"k":[100,100],"ix":3},"r":{"a":0,"k":4.7,"ix":6},"o":{"a":0,"k":100,"ix":7},"sk":{"a":0,"k":0,"ix":4},"sa":{"a":0,"k":0,"ix":5},"nm":"Transform"}],"nm":"Polystar 1","np":3,"cix":2,"bm":0,"ix":1,"mn":"ADBE Vector Group","hd":false},{"ty":"gr","it":[{"ty":"rc","d":1,"s":{"a":0,"k":[229.414,324.578],"ix":2},"p":{"a":0,"k":[0,0],"ix":3},"r":{"a":0,"k":37,"ix":4},"nm":"Rectangle Path 1","mn":"ADBE Vector Shape - Rect","hd":false},{"ty":"fl","c":{"a":0,"k":[0.950719952583,0.938483834267,0.88138204813,1],"ix":4},"o":{"a":0,"k":100,"ix":5},"r":1,"bm":0,"nm":"Fill 1","mn":"ADBE Vector Graphic - Fill","hd":false},{"ty":"tr","p":{"a":0,"k":[-337.293,-21.711],"ix":2},"a":{"a":0,"k":[0,0],"ix":1},"s":{"a":0,"k":[100,100],"ix":3},"r":{"a":0,"k":0,"ix":6},"o":{"a":0,"k":100,"ix":7},"sk":{"a":0,"k":0,"ix":4},"sa":{"a":0,"k":0,"ix":5},"nm":"Transform"}],"nm":"Rectangle 1","np":3,"cix":2,"bm":0,"ix":2,"mn":"ADBE Vector Group","hd":false}],"ip":6,"op":30,"st":6,"bm":0},{"ddd":1,"ind":8,"ty":4,"nm":"carte pique","sr":1,"ks":{"o":{"a":0,"k":100,"ix":11},"rx":{"a":0,"k":0,"ix":8},"ry":{"a":0,"k":0,"ix":9},"rz":{"a":1,"k":[{"i":{"x":[0],"y":[1]},"o":{"x":[1],"y":[0]},"t":9,"s":[20]},{"i":{"x":[0.667],"y":[1]},"o":{"x":[1],"y":[0]},"t":29,"s":[0]},{"i":{"x":[0.55],"y":[1]},"o":{"x":[1],"y":[0]},"t":46,"s":[0]},{"t":56,"s":[15]}],"ix":10},"or":{"a":0,"k":[0,0,0],"ix":7},"p":{"a":1,"k":[{"i":{"x":0,"y":1},"o":{"x":1,"y":0},"t":9,"s":[539.911,572.289,0],"to":[0,0,0],"ti":[0,0,0]},{"i":{"x":0,"y":0},"o":{"x":1,"y":1},"t":29,"s":[919.707,256.289,0],"to":[0,0,0],"ti":[0,0,0]},{"i":{"x":0,"y":1},"o":{"x":1,"y":0},"t":32,"s":[919.707,256.289,0],"to":[0,0,0],"ti":[0,0,0]},{"t":46,"s":[540,256.289,0]}],"ix":2},"a":{"a":0,"k":[-337.293,-21.711,0],"ix":1},"s":{"a":0,"k":[100,100,100],"ix":6}},"ao":0,"hasMask":true,"masksProperties":[{"inv":false,"mode":"a","pt":{"a":1,"k":[{"i":{"x":0,"y":1},"o":{"x":0.167,"y":0},"t":13,"s":[{"i":[[0,-20.435],[0,0],[20.435,0],[0,0],[0,20.435],[0,0],[-20.435,0],[0,0]],"o":[[0,0],[0,20.435],[0,0],[-20.435,0],[0,0],[0,-20.435],[0,0],[20.435,0]],"v":[[-222.163,103.062],[-222.086,104.078],[-259.086,141.078],[-414.5,141.078],[-451.5,104.078],[-451.577,103.062],[-414.577,66.062],[-259.163,66.062]],"c":true}]},{"t":23,"s":[{"i":[[0,-20.435],[0,0],[20.435,0],[0,0],[0,20.435],[0,0],[-20.435,0],[0,0]],"o":[[0,0],[0,20.435],[0,0],[-20.435,0],[0,0],[0,-20.435],[0,0],[20.435,0]],"v":[[-222.086,-146.5],[-222.086,104.078],[-259.086,141.078],[-414.5,141.078],[-451.5,104.078],[-451.5,-146.5],[-414.5,-183.5],[-259.086,-183.5]],"c":true}]}],"ix":1},"o":{"a":0,"k":100,"ix":3},"x":{"a":0,"k":0,"ix":4},"nm":"Mask 1"}],"shapes":[{"ty":"gr","it":[{"ty":"gr","it":[{"ty":"gr","it":[{"ty":"gr","it":[{"d":1,"ty":"el","s":{"a":0,"k":[119.703,119.703],"ix":2},"p":{"a":0,"k":[0,0],"ix":3},"nm":"Ellipse Path 1","mn":"ADBE Vector Shape - Ellipse","hd":false},{"ty":"fl","c":{"a":0,"k":[0,0,0,1],"ix":4},"o":{"a":0,"k":100,"ix":5},"r":1,"bm":0,"nm":"Fill 1","mn":"ADBE Vector Graphic - Fill","hd":false},{"ty":"tr","p":{"a":0,"k":[24,-66],"ix":2},"a":{"a":0,"k":[0,0],"ix":1},"s":{"a":0,"k":[100,100],"ix":3},"r":{"a":0,"k":0,"ix":6},"o":{"a":0,"k":100,"ix":7},"sk":{"a":0,"k":0,"ix":4},"sa":{"a":0,"k":0,"ix":5},"nm":"Transform"}],"nm":"Ellipse 2","np":3,"cix":2,"bm":0,"ix":1,"mn":"ADBE Vector Group","hd":false},{"ty":"gr","it":[{"d":1,"ty":"el","s":{"a":0,"k":[119.703,119.703],"ix":2},"p":{"a":0,"k":[0,0],"ix":3},"nm":"Ellipse Path 1","mn":"ADBE Vector Shape - Ellipse","hd":false},{"ty":"fl","c":{"a":0,"k":[0,0,0,1],"ix":4},"o":{"a":0,"k":100,"ix":5},"r":1,"bm":0,"nm":"Fill 1","mn":"ADBE Vector Graphic - Fill","hd":false},{"ty":"tr","p":{"a":0,"k":[-72,-66],"ix":2},"a":{"a":0,"k":[0,0],"ix":1},"s":{"a":0,"k":[100,100],"ix":3},"r":{"a":0,"k":0,"ix":6},"o":{"a":0,"k":100,"ix":7},"sk":{"a":0,"k":0,"ix":4},"sa":{"a":0,"k":0,"ix":5},"nm":"Transform"}],"nm":"Ellipse 1","np":3,"cix":2,"bm":0,"ix":2,"mn":"ADBE Vector Group","hd":false},{"ty":"gr","it":[{"ind":0,"ty":"sh","ix":1,"ks":{"a":0,"k":{"i":[[0,0],[0,0],[-9.631,0.018],[0,0],[0,0]],"o":[[0,0],[0,0],[9.701,-0.018],[0,0],[0,0]],"v":[[-121.714,-33],[-43.751,59.518],[-25,73.5],[-5.504,59.45],[73.857,-33]],"c":true},"ix":2},"nm":"Path 1","mn":"ADBE Vector Shape - Group","hd":false},{"ty":"fl","c":{"a":0,"k":[0,0,0,1],"ix":4},"o":{"a":0,"k":100,"ix":5},"r":1,"bm":0,"nm":"Fill 1","mn":"ADBE Vector Graphic - Fill","hd":false},{"ty":"tr","p":{"a":0,"k":[0,0],"ix":2},"a":{"a":0,"k":[0,0],"ix":1},"s":{"a":0,"k":[100,100],"ix":3},"r":{"a":0,"k":0,"ix":6},"o":{"a":0,"k":100,"ix":7},"sk":{"a":0,"k":0,"ix":4},"sa":{"a":0,"k":0,"ix":5},"nm":"Transform"}],"nm":"Shape 2","np":3,"cix":2,"bm":0,"ix":3,"mn":"ADBE Vector Group","hd":false},{"ty":"tr","p":{"a":0,"k":[-51.463,-67.5],"ix":2},"a":{"a":0,"k":[0,0],"ix":1},"s":{"a":0,"k":[100,100],"ix":3},"r":{"a":0,"k":180,"ix":6},"o":{"a":0,"k":100,"ix":7},"sk":{"a":0,"k":0,"ix":4},"sa":{"a":0,"k":0,"ix":5},"nm":"Transform"}],"nm":"Group 1","np":3,"cix":2,"bm":0,"ix":1,"mn":"ADBE Vector Group","hd":false},{"ty":"gr","it":[{"ind":0,"ty":"sh","ix":1,"ks":{"a":0,"k":{"i":[[1.699,9.968],[-0.367,0.383],[2.884,-6.16],[6.693,-2.332],[4.851,-0.973],[0.041,-0.057],[0,-1.583],[0,-4.047],[-31.6,0],[-0.248,0.248],[0,0.845],[0,1.88],[0.589,0.842],[1.354,0.272],[3.816,1.256],[3.089,6.558]],"o":[[0.576,-0.146],[0.086,-0.09],[-3.271,6.988],[-3.956,1.378],[-1.384,0.278],[-0.325,0.447],[0,5.169],[31.098,0],[2.198,0],[0.4,-0.4],[0,-2.492],[0,-1.598],[-0.097,-0.139],[-5.287,-1.061],[-7.401,-2.436],[-3.411,-7.241]],"v":[[-16.253,34.183],[-38.263,34.988],[-42.02,59.95],[-57.588,74.712],[-72.082,77.665],[-76.913,78.738],[-76.913,83.301],[-76.913,97.527],[17.029,97.527],[23.471,97.527],[23.471,95.38],[23.471,88.133],[23.471,78.738],[18.908,77.665],[4.414,74.712],[-11.422,59.95]],"c":true},"ix":2},"nm":"Path 3","mn":"ADBE Vector Shape - Group","hd":false},{"ty":"fl","c":{"a":0,"k":[0,0,0,1],"ix":4},"o":{"a":0,"k":100,"ix":5},"r":1,"bm":0,"nm":"Fill 1","mn":"ADBE Vector Graphic - Fill","hd":false},{"ty":"tr","p":{"a":0,"k":[0,0],"ix":2},"a":{"a":0,"k":[0,0],"ix":1},"s":{"a":0,"k":[100,100],"ix":3},"r":{"a":0,"k":0,"ix":6},"o":{"a":0,"k":100,"ix":7},"sk":{"a":0,"k":0,"ix":4},"sa":{"a":0,"k":0,"ix":5},"nm":"Transform"}],"nm":"stand","np":3,"cix":2,"bm":0,"ix":2,"mn":"ADBE Vector Group","hd":false},{"ty":"tr","p":{"a":0,"k":[-27.463,71.51],"ix":2},"a":{"a":0,"k":[-27.463,92.204],"ix":1},"s":{"a":0,"k":[84,84],"ix":3},"r":{"a":0,"k":0,"ix":6},"o":{"a":0,"k":100,"ix":7},"sk":{"a":0,"k":0,"ix":4},"sa":{"a":0,"k":0,"ix":5},"nm":"Transform"}],"nm":"Group 1","np":2,"cix":2,"bm":0,"ix":1,"mn":"ADBE Vector Group","hd":false},{"ty":"tr","p":{"a":0,"k":[-334.938,-43.957],"ix":2},"a":{"a":0,"k":[-24,-66],"ix":1},"s":{"a":0,"k":[65,65],"ix":3},"r":{"a":0,"k":0,"ix":6},"o":{"a":0,"k":100,"ix":7},"sk":{"a":0,"k":0,"ix":4},"sa":{"a":0,"k":0,"ix":5},"nm":"Transform"}],"nm":"coeur","np":1,"cix":2,"bm":0,"ix":1,"mn":"ADBE Vector Group","hd":false},{"ty":"gr","it":[{"ty":"rc","d":1,"s":{"a":0,"k":[229.414,324.578],"ix":2},"p":{"a":0,"k":[0,0],"ix":3},"r":{"a":0,"k":37,"ix":4},"nm":"Rectangle Path 1","mn":"ADBE Vector Shape - Rect","hd":false},{"ty":"tr","p":{"a":0,"k":[-337.293,-21.711],"ix":2},"a":{"a":0,"k":[0,0],"ix":1},"s":{"a":0,"k":[85,85],"ix":3},"r":{"a":0,"k":0,"ix":6},"o":{"a":0,"k":100,"ix":7},"sk":{"a":0,"k":0,"ix":4},"sa":{"a":0,"k":0,"ix":5},"nm":"Transform"}],"nm":"Rectangle 2","np":2,"cix":2,"bm":0,"ix":2,"mn":"ADBE Vector Group","hd":false},{"ty":"gr","it":[{"ty":"rc","d":1,"s":{"a":0,"k":[229.414,324.578],"ix":2},"p":{"a":0,"k":[0,0],"ix":3},"r":{"a":0,"k":37,"ix":4},"nm":"Rectangle Path 1","mn":"ADBE Vector Shape - Rect","hd":false},{"ty":"fl","c":{"a":0,"k":[0.950719952583,0.938483834267,0.88138204813,1],"ix":4},"o":{"a":0,"k":100,"ix":5},"r":1,"bm":0,"nm":"Fill 1","mn":"ADBE Vector Graphic - Fill","hd":false},{"ty":"tr","p":{"a":0,"k":[-337.293,-21.711],"ix":2},"a":{"a":0,"k":[0,0],"ix":1},"s":{"a":0,"k":[100,100],"ix":3},"r":{"a":0,"k":0,"ix":6},"o":{"a":0,"k":100,"ix":7},"sk":{"a":0,"k":0,"ix":4},"sa":{"a":0,"k":0,"ix":5},"nm":"Transform"}],"nm":"Rectangle 1","np":3,"cix":2,"bm":0,"ix":3,"mn":"ADBE Vector Group","hd":false}],"ip":9,"op":30,"st":9,"bm":0}],"markers":[]}